<!--

  IMPORTANT:
  This is the core recipe file. Modifiyig this file may cause Ender IO to function incorrectly.
  This file may be rewritten by EnderIO and all modifications made to it will be lost. To add
  or modify recipes please use 'SagMillRecipes_User.xml'

  Recipes are organised into named groups. A group of recipes can be disabled by setting the attribiute 'enabled=false'.
  A recipe group is composed of one or more recipes.

  Examples:
  <recipeGroup name="EnderIO">
  <recipe>...</recipe>
  <recipe>...</recipe>
  <recipeGroup/>

  <recipeGroup name="EnderIO" enabled="false">
  <recipe>...</recipe>
  <recipe>...</recipe>
  <recipeGroup/>


  Each recipe must be named and contains one or more input item stack definition and one or more output stack definitions.
  For each input, all outputs are produced.
  A recipe may also define the amount of energy used to complete it (in MJ). The default value used is 400 MJ. A typical
  value for an ingot to dust recipe is 240 MJ.

  Examples:
  <recipe name="Blah">
  <input> <itemStack/> </input>
  <output> <itemStack/> </output>
  </recipe>

  <recipe name="BlahBlah" energyCost="240">
  <input> <itemStack/> </input>
  <output> <itemStack/> </output>
  <output> <itemStack/> </output>
  </recipe>


  Valid input item definitions:
  - Must have either: itemID, modID + itemName or oreDictionary
  - 'itemID' must be a valid blockID or itemID.
  - 'modID' is the identifier registered by the mod with Forge (for example, Ender IO is EnderIO).
  This value can be found in the details panel of Forge's 'mods' UI.
  - 'itemName' the name used to register the block/item with forge. To dump all registered items to config/modObjectsRegistery.txt
  include: <dumpRegistry modObjects="true/>
  - 'oreDictionary' will use the OreDictionary to find the appropriate itemStack. The first entry returned by the dictionary
  will be used. The dump the contents of the dictionary to config/oreDictionaryRegistery.txt include <dumpRegistery oreDictionary="true"/>
  - The item metadata/damage may optionally be specified for all types except
  oreDictionary. If a '*' is used for the metadata value then meta data will ignored when determining if an input is valid. 

  Examples:
  <itemStack itemID="" />
  <itemStack itemID="" itemMeta="" />
  <itemStack modID="" itemName="" />
  <itemStack modID="" itemName="" itemMeta="" />
  <itemStack oreDictionary="" />

  Valid output definitions:
  - As per inputs with the additional optional fields, number and chance (both default to 1)
  - 'number' is the number of output items for each input
  - 'chance' is the chance the output will be crafted. Values are clamped between 0 - 1.
  For example, a chance of 0.25 will result, on average, one of these outputs
  being crafted for each 4 inputs processed by the SAG Mill.

  Examples:
  <itemStack itemID="22" number="2"/>
  <itemStack itemID="22" itemMeta="*"/>
  <itemStack itemID="22" itemMeta="3" chance="0.2"/>
  <itemStack modID="BiomesOPlenty" itemName="bop.bones" itemMeta="0" number="4" chance="0.1"/>

-->

<SAGMillRecipes>

  <!-- <dumpRegistery oreDictionary="true" modObjects="true" /> -->

  <recipeGroup name="EnderIO"> <!-- Required for EnderIO to function correctly. -->

    <!-- Sand to Silicon -->
    <recipe name="Silicon" energyCost="720">
      <input>
        <itemStack itemID="12" />
      </input>
      <output>
        <itemStack modID="EnderIO" itemName="enderIO:itemMaterial" number="1" itemMeta="0" chance="0.25" />
      </output>
    </recipe>

    <recipe name="CoalOre" energyCost="360">
      <input>
        <itemStack itemID="16" />
      </input>
      <output>
        <itemStack itemID="263" number="3" />
      </output>
      <output>
        <itemStack modID="EnderIO" itemName="enderIO:itemPowderIngot" itemMeta="0" number="1" chance="0.6" />
      </output>
      <output>
        <itemStack itemID="4" chance="0.15" />
      </output>
      <output>
        <itemStack itemID="264" chance="0.001" />
      </output>
    </recipe>

    <recipe name="Coal" energyCost="240">
      <input>
        <itemStack itemID="263" />
      </input>
      <output>
        <itemStack modID="EnderIO" itemName="enderIO:itemPowderIngot" itemMeta="0" />
      </output>
      <output>
        <itemStack modID="EnderIO" itemName="enderIO:itemPowderIngot" itemMeta="0" chance="0.25" />
      </output>
    </recipe>

    <recipe name="IronOre">
      <input>
        <itemStack oreDictionary="oreIron" />
      </input>            
      <output>
        <itemStack modID="EnderIO" itemName="enderIO:itemPowderIngot" itemMeta="1" number="2" />
      </output>
      <output>
        <itemStack modID="EnderIO" itemName="enderIO:itemPowderIngot" itemMeta="4" number="1" chance="0.05" />
      </output>
      <output>
        <itemStack oreDictionary="dustNickel" number="1" chance="0.2" />
      </output>
      <output>
        <itemStack itemID="4" chance="0.15" />
      </output>
    </recipe>

    <recipe name="IronIngot" energyCost="240">
      <input>
        <itemStack itemID="265" />
      </input>
      <input>
        <itemStack oreDictionary="ingotIron" />
      </input> 
      <output>
        <itemStack modID="EnderIO" itemName="enderIO:itemPowderIngot" itemMeta="1" />
      </output>
    </recipe>


    <recipe name="GoldOre" energyCost="360">
     <input>
        <itemStack oreDictionary="oreGold" />
      </input>
      <output>
        <itemStack modID="EnderIO" itemName="enderIO:itemPowderIngot" itemMeta="2" number="2" />
      </output>
      <output>
        <itemStack modID="EnderIO" itemName="enderIO:itemPowderIngot" itemMeta="3" number="1" chance="0.2" />
      </output>
      <output>
        <itemStack itemID="4" chance="0.15" />
      </output>
    </recipe>


    <recipe name="GoldIngot" energyCost="240">
      <input>
        <itemStack itemID="266" />
      </input>
      <input>
        <itemStack oreDictionary="ingotGold" />
      </input> 
      <output>
        <itemStack modID="EnderIO" itemName="enderIO:itemPowderIngot" itemMeta="2" />
      </output>
    </recipe>
    
     <recipe name="EnderPearl" energyCost="160">
      <input>
        <itemStack itemID="368" />
      </input>      
      <output>
        <itemStack modID="EnderIO" itemName="enderIO:itemPowderIngot" itemMeta="5" number="9" />
      </output>
    </recipe>

  </recipeGroup>

  <recipeGroup name="Vanilla">

    <recipe name="Strone Bricks" energyCost="240">
      <input>
        <itemStack itemID="98" itemMeta="0" />
      </input>
      <output>
        <itemStack itemID="4" number="4" />
      </output>
    </recipe>
    <recipe name="CrackedBricks" energyCost="120">
      <input>
        <itemStack itemID="98" itemMeta="2" />
      </input>
      <output>
        <itemStack itemID="4" number="2" />
      </output>
    </recipe>
    <recipe name="ChisledBricks" energyCost="360">
      <input>
        <itemStack itemID="98" itemMeta="3" />
      </input>
      <output>
        <itemStack itemID="4" number="4" />
      </output>
    </recipe>

    <recipe name="Stone" energyCost="240">
      <input>
        <itemStack itemID="1" />
      </input>
      <output>
        <itemStack itemID="4" />
      </output>
    </recipe>

    <recipe name="Cobblestone" energyCost="240">
      <input>
        <itemStack itemID="4" />
      </input>
      <output>
        <itemStack itemID="12" />
      </output>
    </recipe>

    <recipe name="Sandstone" energyCost="240">
      <input>
        <itemStack itemID="24" />
      </input>
      <output>
        <itemStack itemID="12" number="2" />
      </output>
      <output>
        <itemStack itemID="12" number="2" chance="0.4" />
      </output>
    </recipe>


    <recipe name="Glass" energyCost="120">
      <input>
        <itemStack itemID="20" />
      </input>
      <output>
        <itemStack itemID="12" />
      </output>
    </recipe>

    <recipe name="Gravel" energyCost="240">
      <input>
        <itemStack itemID="13" />
      </input>
      <output>
        <itemStack itemID="318" />
      </output>
      <output>
        <itemStack itemID="318" chance="0.1" />
      </output>
    </recipe>

    <recipe name="Netherrack" energyCost="240">
      <input>
        <itemStack itemID="87" />
      </input>
      <output>
        <itemStack oreDictionary="dustSulfur" chance="0.15" />
      </output>
    </recipe>

    <recipe name="BlazeRod" energyCost="240">
      <input>
        <itemStack itemID="369" />
      </input>
      <output>
        <itemStack itemID="377" number="4" />
      </output>
      <output>
        <itemStack oreDictionary="dustSulfur" chance="0.25" />
      </output>
    </recipe>

    <recipe name="GlowStone" energyCost="240">
      <input>
        <itemStack itemID="89" />
      </input>
      <output>
        <itemStack itemID="348" number="3" />
      </output>
      <output>
        <itemStack itemID="348" number="1" chance="0.8" />
      </output>
    </recipe>

    <recipe name="Bone" energyCost="240">
      <input>
        <itemStack itemID="352" />
      </input>
      <output>
        <itemStack itemID="351" itemMeta="15" number="6" />
      </output>
      <output>
        <itemStack itemID="351" itemMeta="15" number="2" chance="0.1" />
      </output>
    </recipe>

    <recipe name="ClayBlock" energyCost="240">
      <input>
        <itemStack itemID="82" />
      </input>
      <output>
        <itemStack oreDictionary="dustClay" number="4" />
      </output>
      <output>
        <itemStack itemID="337" number="2" chance="0.1" />
      </output>
      <output>
        <itemStack modID="EnderIO" itemName="enderIO:itemMaterial" number="4" itemMeta="0" chance="0.4" />
      </output>
    </recipe>

    <recipe name="Wool" energyCost="120">
      <input>
        <itemStack itemID="35" itemMeta="*" />
      </input>
      <output>
        <itemStack itemID="287" number="4" />
      </output>
    </recipe>

    <recipe name="Wheat" energyCost="80">
      <input>
        <itemStack itemID="296" />
      </input>
      <output>
        <itemStack itemID="295" number="2" />
      </output>
    </recipe>

    <recipe name="RedstoneOre" energyCost="300">
      <input>
        <itemStack itemID="73" />
      </input>
      <output>
        <itemStack itemID="331" number="8" />
      </output>
      <output>
        <itemStack itemID="331" number="1" chance="0.2" />
      </output>
      <output>
        <itemStack modID="EnderIO" itemName="enderIO:itemMaterial" itemMeta="0" chance="0.8" />
      </output>
      <output>
        <itemStack itemID="4" chance="0.15" />
      </output>
    </recipe>

    <recipe name="LapisLazuliOre" energyCost="300">
      <input>
        <itemStack itemID="21" />
      </input>
      <output>
        <itemStack itemID="351" itemMeta="4" number="8" />
      </output>
      <output>
        <itemStack itemID="351" itemMeta="4" number="1" chance="0.2" />
      </output>
      <output>
        <itemStack itemID="4" chance="0.15" />
      </output>
    </recipe>

    <recipe name="Quartz Ore" energyCost="720">
      <input>
        <itemStack itemID="153" />
      </input>
      <output>
        <itemStack itemID="406" number="4" />
      </output>
    </recipe>

    <recipe name="Block of Quartz" energyCost="240">
      <input>
        <itemStack itemID="155" itemMeta="0" />
      </input>
      <output>
        <itemStack itemID="406" number="2" />
      </output>
      <output>
        <itemStack itemID="406" number="2" chance="0.25" />
      </output>
    </recipe>

    <recipe name="Chiseled Quartz Block" energyCost="240">
      <input>
        <itemStack itemID="155" itemMeta="1" />
      </input>
      <output>
        <itemStack itemID="406" number="2" />
      </output>
      <output>
        <itemStack itemID="406" number="2" chance="0.25" />
      </output>
    </recipe>

    <recipe name="Pillar Quartz Block" energyCost="240">
      <input>
        <itemStack itemID="155" itemMeta="2" />
      </input>
      <output>
        <itemStack itemID="406" number="2" />
      </output>
      <output>
        <itemStack itemID="406" number="2" chance="0.25" />
      </output>
    </recipe>

    <recipe name="Quartz Stairs" energyCost="120">
      <input>
        <itemStack itemID="156" itemMeta="1" />
      </input>
      <output>
        <itemStack itemID="406" number="1" />
      </output>
      <output>
        <itemStack itemID="406" number="1" chance="0.25" />
      </output>
    </recipe>

    <recipe name="Quartz Slab" energyCost="120">
      <input>
        <itemStack itemID="44" itemMeta="7" />
      </input>
      <output>
        <itemStack itemID="406" number="1" />
      </output>
      <output>
        <itemStack itemID="406" number="1" chance="0.25" />
      </output>
    </recipe>

  </recipeGroup>

  <recipeGroup name="Common Ores/Ingots">

    <recipe name="CopperOre" energyCost="360">
      <input>
        <itemStack oreDictionary="oreCopper" />
      </input>
      <output>
        <itemStack modID="EnderIO" itemName="enderIO:itemPowderIngot" itemMeta="3" number="2" />
      </output>
      <output>
        <itemStack modID="EnderIO" itemName="enderIO:itemPowderIngot" itemMeta="2" chance="0.125" />
      </output>
      <output>
        <itemStack itemID="4" chance="0.15" />
      </output>
    </recipe>

    <recipe name="CopperIngot" energyCost="240">
      <input>
        <itemStack oreDictionary="ingotCopper" />
      </input>
      <output>
        <itemStack modID="EnderIO" itemName="enderIO:itemPowderIngot" itemMeta="3" />
      </output>
    </recipe>

    <recipe name="TinOre" energyCost="360">
      <input>
        <itemStack oreDictionary="oreTin" />
      </input>
      <output>
        <itemStack modID="EnderIO" itemName="enderIO:itemPowderIngot" itemMeta="4" number="2" />
      </output>
      <output>
        <itemStack itemID="4" chance="0.15" />
      </output>
    </recipe>

    <recipe name="TinIngot" energyCost="240">
      <input>
        <itemStack oreDictionary="ingotTin" />
      </input>
      <output>
        <itemStack modID="EnderIO" itemName="enderIO:itemPowderIngot" itemMeta="4" />
      </output>
    </recipe>

    <recipe name="LeadOre" energyCost="360">
      <input>
        <itemStack oreDictionary="oreLead" />
      </input>
      <output>
        <itemStack oreDictionary="dustLead" number="2" />
      </output>
      <output>
        <itemStack oreDictionary="dustSilver" chance="0.1" />
      </output>
      <output>
        <itemStack itemID="4" chance="0.15" />
      </output>
    </recipe>

    <recipe name="LeadIngot" energyCost="240">
      <input>
        <itemStack oreDictionary="ingotLead" />
      </input>
      <output>
        <itemStack oreDictionary="dustLead" />
      </output>
    </recipe>

    <recipe name="SilverOre" energyCost="360">
      <input>
        <itemStack oreDictionary="oreSilver" />
      </input>
      <output>
        <itemStack oreDictionary="dustSilver" number="2" />
      </output>
      <output>
        <itemStack oreDictionary="dustLead" chance="0.1" />
      </output>
    </recipe>

    <recipe name="SilverIngot" energyCost="240">
      <input>
        <itemStack oreDictionary="ingotSilver" />
      </input>
      <output>
        <itemStack oreDictionary="dustSilver" />
      </output>
    </recipe>

    <recipe name="BronzeIngot" energyCost="240">
      <input>
        <itemStack oreDictionary="ingotBronze" />
      </input>
      <output>
        <itemStack oreDictionary="dustBronze" />
      </output>
    </recipe>
  </recipeGroup>

  <recipeGroup name="Forestry">

    <recipe name="Log" energyCost="240">
      <input>
        <itemStack oreDictionary="logWood" />
      </input>
      <output>
        <itemStack oreDictionary="pulpWood" number="1" />
      </output>
      <output>
        <itemStack oreDictionary="pulpWood" number="1" chance="0.9" />
      </output>
      <output>
        <itemStack oreDictionary="pulpWood" number="1" chance="0.5" />
      </output>
      <output>
        <itemStack oreDictionary="pulpWood" number="1" chance="0.1" />
      </output>
    </recipe>

    <recipe name="Plank" energyCost="120">
      <input>
        <itemStack oreDictionary="plankWood" />
      </input>
      <output>
        <itemStack oreDictionary="pulpWood" number="1" chance="0.9" />
      </output>
    </recipe>

    <recipe name="Stairs" energyCost="120">
      <input>
        <itemStack oreDictionary="stairsWood" />
      </input>
      <output>
        <itemStack oreDictionary="pulpWood" number="1" chance="0.8" />
      </output>
    </recipe>

    <recipe name="Stair" energyCost="120">
      <input>
        <itemStack oreDictionary="stairWood" />
      </input>
      <output>
        <itemStack oreDictionary="pulpWood" number="1" chance="0.8" />
      </output>
    </recipe>

    <recipe name="SlabWood" energyCost="120">
      <input>
        <itemStack oreDictionary="slabWood" />
      </input>
      <output>
        <itemStack oreDictionary="pulpWood" number="1" chance="0.7" />
      </output>
    </recipe>

    <recipe name="Stick" energyCost="80">
      <input>
        <itemStack oreDictionary="stickWood" />
      </input>
      <output>
        <itemStack oreDictionary="pulpWood" number="1" chance="0.15" />
      </output>
    </recipe>

  </recipeGroup>


  <recipeGroup name="Applied Energistics">

    <recipe name="CertusQuartzOre" energyCost="240">
      <input>
        <itemStack oreDictionary="oreCertusQuartz" />
      </input>
      <output>
        <itemStack oreDictionary="crystalCertusQuartz" />
      </output>
      <output>
        <itemStack oreDictionary="dustCertusQuartz" />
      </output>
    </recipe>

    <recipe name="CertusQuartzCrystal " energyCost="240">
      <input>
        <itemStack oreDictionary="crystalCertusQuartz" />
      </input>
      <output>
        <itemStack oreDictionary="dustCertusQuartz" />
      </output>
    </recipe>

    <recipe name="NetherQuartzOre" energyCost="360">
      <input>
        <itemStack itemID="153" />
      </input>
      <output>
        <itemStack itemID="406" number="2" />
      </output>
      <output>
        <itemStack oreDictionary="dustNetherQuartz" />
      </output>
      <output>
        <itemStack oreDictionary="dustCertusQuartz" chance="0.05" />
      </output>
    </recipe>

    <recipe name="NetherQuartz" energyCost="240">
      <input>
        <itemStack itemID="406" />
      </input>
      <output>
        <itemStack oreDictionary="dustNetherQuartz" />
      </output>
    </recipe>
  </recipeGroup>

  <recipeGroup name="Railcraft">

    <recipe name="Obsidian" energyCost="480">
      <input>
        <itemStack itemID="49" />
      </input>
      <output>
        <itemStack modID="Railcraft" itemName="tile.railcraft.cube" itemMeta="4" number="1" />
      </output>
      <output>
        <itemStack oreDictionary="dustObsidian" number="1" chance="0.15" />
      </output>
      <output>
        <itemStack oreDictionary="dustObsidian" number="1" chance="0.025" />
      </output>
    </recipe>

    <recipe name="CrushedObsidian" energyCost="240">
      <input>
        <itemStack modID="Railcraft" itemName="tile.railcraft.cube" itemMeta="4" />
      </input>
      <output>
        <itemStack oreDictionary="dustObsidian" number="1" />
      </output>
      <output>
        <itemStack oreDictionary="dustObsidian" number="1" chance="0.01" />
      </output>
    </recipe>

    <recipe name="Charcoal" energyCost="240">
      <input>
        <itemStack itemID="263" itemMeta="1" />
      </input>
      <output>
        <itemStack oreDictionary="dustCharcoal" number="1" />
      </output>
    </recipe>
  </recipeGroup>

  <recipeGroup name="Biomes O' Plenty">

    <recipe name="SmallBoneSegment" energyCost="260">
      <input>
        <itemStack modID="BiomesOPlenty" itemName="bop.bones" itemMeta="0" />
      </input>
      <output>
        <itemStack itemID="351" itemMeta="15" number="8" />
      </output>
    </recipe>

    <recipe name="MediumBoneSegment" energyCost="320">
      <input>
        <itemStack modID="BiomesOPlenty" itemName="bop.bones" itemMeta="1" />
      </input>
      <output>
        <itemStack itemID="351" itemMeta="15" number="12" />
      </output>
    </recipe>

    <recipe name="LargeBoneSegment" energyCost="480">
      <input>
        <itemStack modID="BiomesOPlenty" itemName="bop.bones" itemMeta="2" />
      </input>
      <output>
        <itemStack itemID="351" itemMeta="15" number="24" />
      </output>
    </recipe>
  </recipeGroup>

</SAGMillRecipes>
